GEOID,NAME,total_renter_occupied_units,renter_occupied_5_9_units,renter_occupied_10_19_units,renter_occupied_50_plus_units,renter_occupied_20_49_units,renter_occupied_5_plus,pct_renter_occupied_5_9_units,pct_renter_occupied_10_19_units,pct_renter_occupied_20_49_units,pct_renter_occupied_50_plus_units,pct_renter_occupied_20_plus_units,pct_renter_occupied_10_plus_units,pct_renter_occupied_5_plus_units
10180,"Abilene, TX Metro Area",22874,2041,2050,555,1272,5918,0.08922794439101163,0.08962140421439188,0.055608988371076334,0.024263355775115854,0.07987234414619218,0.16949374836058406,0.2587216927515957
10380,"Aguadilla-Isabela, PR Metro Area",38732,2120,1902,390,692,5104,0.05473510275740989,0.049106681813487554,0.01786636373024889,0.010069193431787669,0.027935557162036558,0.07704223897552412,0.131777341732934
10420,"Akron, OH Metro Area",95709,10909,10451,5312,10870,37542,0.11398092133446175,0.1091955824426125,0.11357343614498114,0.05550157247489787,0.169075008619879,0.2782705910624915,0.3922515123969533
10500,"Albany, GA Metro Area",26395,2993,1276,450,369,5088,0.11339268800909263,0.04834248910778557,0.013979920439477173,0.01704868346277704,0.031028603902254214,0.07937109301003978,0.1927637810191324
10540,"Albany, OR Metro Area",17120,1496,1350,1005,883,4734,0.08738317757009346,0.07885514018691589,0.05157710280373832,0.058703271028037386,0.1102803738317757,0.18913551401869158,0.27651869158878506
10580,"Albany-Schenectady-Troy, NY Metro Area",126087,17812,12723,7287,13191,51013,0.1412675374939526,0.10090651692878727,0.10461823978681387,0.057793428347093674,0.16241166813390753,0.26331818506269483,0.4045857225566474
10740,"Albuquerque, NM Metro Area",115919,10723,10845,7273,13583,42424,0.09250424865638937,0.09355670770106712,0.11717664921194973,0.06274208714705959,0.17991873635900932,0.27347544406007646,0.3659796927164658
10780,"Alexandria, LA Metro Area",21063,1640,1078,187,709,3614,0.0778616531358306,0.0511797939514789,0.03366092199591701,0.00887812752219532,0.042539049518112326,0.09371884346959122,0.17158049660542182
10900,"Allentown-Bethlehem-Easton, PA-NJ Metro Area",98242,11792,10473,5569,8702,36536,0.12003012967977036,0.10660410007939577,0.08857718694651982,0.05668654954092954,0.14526373648744936,0.25186783656684514,0.3718979662466155
11020,"Altoona, PA Metro Area",15404,1533,826,684,1744,4787,0.09951960529732537,0.05362243573097897,0.11321734614385874,0.044404050895871204,0.15762139703972994,0.2112438327707089,0.3107634380680343
11100,"Amarillo, TX Metro Area",34886,3864,3269,2240,3273,12646,0.1107607636301095,0.09370521125953105,0.09381987043513157,0.06420913833629537,0.15802900877142692,0.25173422003095797,0.36249498366106747
11180,"Ames, IA Metro Area",17581,2314,3831,3623,1150,10918,0.13161936181104603,0.21790569364655024,0.06541152380410671,0.20607473977589444,0.27148626358000116,0.4893919572265514,0.6210113190375974
11260,"Anchorage, AK Metro Area",48832,6206,3610,4626,2250,16692,0.12708879423328964,0.07392693315858453,0.04607634338138925,0.09473296199213631,0.14080930537352557,0.2147362385321101,0.3418250327653997
11460,"Ann Arbor, MI Metro Area",55088,12516,10043,3994,6806,33359,0.22720011617775196,0.18230830670926518,0.12354777810049375,0.07250217833284926,0.19604995643334303,0.3783582631426082,0.6055583793203602
11500,"Anniston-Oxford-Jacksonville, AL Metro Area",13747,1579,728,341,345,2993,0.11486142431075871,0.05295700880192042,0.025096384665745253,0.024805412089910526,0.04990179675565578,0.1028588055575762,0.21772022986833492
11540,"Appleton, WI Metro Area",25217,5257,3262,2107,1645,12271,0.20847047626601103,0.12935717968037436,0.06523377086885832,0.08355474481500574,0.14878851568386406,0.2781456953642384,0.48661617163024945
11640,"Arecibo, PR Metro Area",20167,1328,1005,546,326,3205,0.06585015123716963,0.04983388704318937,0.01616502206575098,0.027073932662270046,0.04323895472802102,0.09307284177121039,0.15892299300838003
11700,"Asheville, NC Metro Area",61817,6899,4335,3207,3219,17660,0.11160360418655063,0.07012634065063009,0.052073054337803515,0.05187893297960108,0.1039519873174046,0.17407832796803469,0.2856819321545853
12020,"Athens-Clarke County, GA Metro Area",34843,3783,3603,2304,2268,11958,0.10857274057916942,0.10340671009958959,0.06509198404270586,0.06612519013862182,0.13121717418132767,0.23462388428091727,0.3431966248600867
12060,"Atlanta-Sandy Springs-Roswell, GA Metro Area",761735,95409,120114,68932,86701,371156,0.12525222026032676,0.15768475913539484,0.11382042311302487,0.09049341306359823,0.2043138361766231,0.36199859531201795,0.48725081557234473
12100,"Atlantic City-Hammonton, NJ Metro Area",32538,3918,4587,1738,5000,15243,0.1204130555043334,0.140973630831643,0.15366648226688795,0.05341446923597025,0.20708095150285818,0.3480545823345012,0.4684676378388346
12220,"Auburn-Opelika, AL Metro Area",23552,2440,2935,1611,1232,8218,0.10360054347826086,0.12461786684782608,0.052309782608695655,0.06840183423913043,0.12071161684782608,0.24532948369565216,0.348930027173913
12260,"Augusta-Richmond County, GA-SC Metro Area",71423,7950,4397,2180,2646,17173,0.11130868207720203,0.061562801898548083,0.03704688965739328,0.030522380745698165,0.06756927040309144,0.12913207230163953,0.24044075437884155
12420,"Austin-Round Rock, TX Metro Area",311077,30013,57103,38744,53066,178926,0.09648093558829486,0.18356548378697235,0.17058798946884535,0.12454794150644374,0.29513593097528906,0.4787014147622614,0.5751823503505563
12540,"Bakersfield, CA Metro Area",112518,10086,4372,2945,6066,23469,0.08963899109475817,0.0388560052613804,0.05391137418013118,0.026173590003377236,0.08008496418350841,0.11894096944488881,0.208579960539647
12580,"Baltimore-Columbia-Towson, MD Metro Area",350557,43977,67461,15024,48928,175390,0.12544892841962935,0.19243946062979772,0.13957216658061314,0.0428575096204041,0.18242967620101724,0.37486913683081496,0.5003180652504443
12620,"Bangor, ME Metro Area",18657,2569,1271,952,926,5718,0.13769630701613336,0.0681245645066195,0.049632845580747174,0.051026424398349146,0.10065926997909631,0.16878383448571582,0.30648014150184916
12700,"Barnstable Town, MA Metro Area",19301,2091,943,871,1202,5107,0.10833635562924201,0.04885757214652091,0.06227656598103725,0.045127195482099376,0.10740376146313663,0.15626133360965752,0.26459768923889954
12940,"Baton Rouge, LA Metro Area",96620,8118,10520,6861,9511,35010,0.08401987166218174,0.10888014903746636,0.09843717656799834,0.07101014282757193,0.16944731939557028,0.27832746843303663,0.3623473400952184
12980,"Battle Creek, MI Metro Area",16379,1729,1951,2214,1580,7474,0.10556200012210758,0.11911594114414799,0.09646498565235972,0.13517308749007875,0.23163807314243848,0.3507540142865865,0.45631601440869407
13020,"Bay City, MI Metro Area",9788,948,697,494,1385,3524,0.09685328974254188,0.07120964446260727,0.1414997956681651,0.05046996322026972,0.19196975888843482,0.2631794033510421,0.360032693093584
13140,"Beaumont-Port Arthur, TX Metro Area",48781,9422,6419,1494,2907,20242,0.19314897193579467,0.13158811832475759,0.059592874274820115,0.030626678419876593,0.09021955269469671,0.22180767101945428,0.414956642955249
13220,"Beckley, WV Metro Area",11796,962,348,363,491,2164,0.08155306883689387,0.029501525940996948,0.04162427941675144,0.030773143438453714,0.07239742285520516,0.10189894879620211,0.18345201763309596
13380,"Bellingham, WA Metro Area",32293,3392,3731,3907,3325,14355,0.10503824358220047,0.11553587464775648,0.10296349053974546,0.12098597219211595,0.2239494627318614,0.3394853373796179,0.4445235809618184
13460,"Bend-Redmond, OR Metro Area",24865,1854,1339,1161,1587,5941,0.07456263824653127,0.05385079428916147,0.06382465312688518,0.046692137542730744,0.11051679066961592,0.1643675849587774,0.23893022320530866
13740,"Billings, MT Metro Area",21684,2262,1365,1097,2122,6846,0.10431654676258993,0.06294964028776978,0.09786017339974175,0.05059029699317469,0.14845047039291642,0.21140011068068623,0.31571665744327615
13780,"Binghamton, NY Metro Area",31885,3935,2680,1744,2005,10364,0.12341226281950761,0.08405206209816528,0.06288223302493336,0.05469656578328368,0.11757879880821703,0.2016308609063823,0.3250431237258899
13820,"Birmingham-Hoover, AL Metro Area",136075,20332,17984,10305,9047,57668,0.14941760058791106,0.13216241043542165,0.06648539408414478,0.07573029579276135,0.1422156898769061,0.27437810031232773,0.4237957009002388
13900,"Bismarck, ND Metro Area",17153,2001,2048,3267,1970,9286,0.11665597854602694,0.11939602401912201,0.11484871451058123,0.19046230980003498,0.30531102431061624,0.4247070483297382,0.5413630268757652
13980,"Blacksburg-Christiansburg-Radford, VA Metro Area",25511,2761,5244,1118,700,9823,0.10822782329191329,0.20555838657833875,0.02743914389871036,0.04382423268394026,0.07126337658265063,0.2768217631609894,0.38504958645290266
14010,"Bloomington, IL Metro Area",25094,4596,4961,2013,1969,13539,0.18315135092053877,0.19769666055630827,0.078464971706384,0.08021837889535346,0.15868335060173747,0.35638001115804574,0.5395313620785845
14020,"Bloomington, IN Metro Area",26952,4738,4615,2288,2100,13741,0.17579400415553575,0.17123033541110122,0.07791629563668745,0.08489165924606708,0.1628079548827545,0.33403829029385573,0.5098322944493915
14100,"Bloomsburg-Berwick, PA Metro Area",10458,627,502,749,369,2247,0.05995410212277682,0.048001529929240776,0.035283993115318414,0.07161981258366801,0.10690380569898641,0.1549053356282272,0.21485943775100402
14260,"Boise City, ID Metro Area",79428,5492,4347,3753,6551,20143,0.06914438233368585,0.05472881099864028,0.08247721206627386,0.0472503399305031,0.12972755199677696,0.18445636299541723,0.2536007453291031
14460,"Boston-Cambridge-Newton, MA-NH Metro Area",697398,84233,72214,77348,114267,348062,0.12078182042391862,0.10354775895543147,0.16384761642562784,0.11090940897450237,0.2747570254001302,0.3783047843555617,0.4990866047794803
14500,"Boulder, CO Metro Area",47801,6614,7024,5233,6424,25295,0.13836530616514298,0.14694253258300036,0.1343904939227213,0.10947469718206732,0.2438651911047886,0.39080772368778893,0.5291730298529319
14540,"Bowling Green, KY Metro Area",24137,2846,1724,1046,709,6325,0.11791026225297262,0.07142561213075362,0.029373990139619673,0.04333595724406513,0.0727099473836848,0.1441355595144384,0.26204582176741104
14740,"Bremerton-Silverdale, WA Metro Area",33968,3301,3354,2710,2586,11951,0.09717969853980217,0.09873999057936882,0.0761304757418747,0.07978097032501177,0.15591144606688648,0.2546514366462553,0.35183113518605746
14860,"Bridgeport-Stamford-Norwalk, CT Metro Area",111322,10198,7917,8880,19138,46133,0.09160812777348593,0.07111801800183253,0.17191570399381972,0.07976859919872083,0.25168430319254054,0.3228023211943731,0.414410448967859
15180,"Brownsville-Harlingen, TX Metro Area",41075,3877,2518,2288,2874,11557,0.09438831405964698,0.06130249543517955,0.06996956786366403,0.05570298234936093,0.12567255021302495,0.1869750456482045,0.2813633597078515
15260,"Brunswick, GA Metro Area",15407,1628,936,367,920,3851,0.10566625559810476,0.060751606412669565,0.059713117414162395,0.02382034140325826,0.08353345881742065,0.14428506523009021,0.249951320828195
15380,"Buffalo-Cheektowaga-Niagara Falls, NY Metro Area",161948,19420,9918,7059,16876,53273,0.11991503445550424,0.06124188010966483,0.10420628843826413,0.04358806530491269,0.14779435374317682,0.20903623385284165,0.32895126830834587
15500,"Burlington, NC Metro Area",22391,2431,2426,1354,689,6900,0.10857040775311509,0.10834710374704122,0.030771292036979144,0.06047072484480372,0.09124201688178286,0.19958912062882408,0.30815952838193916
15540,"Burlington-South Burlington, VT Metro Area",29475,4388,1682,3705,2718,12493,0.14887192536047497,0.057065309584393556,0.09221374045801527,0.1256997455470738,0.21791348600508906,0.2749787955894826,0.42385072094995757
15680,"California-Lexington Park, MD Metro Area",11767,1542,1555,754,605,4456,0.13104444633296508,0.13214923089997452,0.05141497408005439,0.06407750488654712,0.11549247896660152,0.24764170986657602,0.3786861561995411
15940,"Canton-Massillon, OH Metro Area",50937,5659,3723,1896,3200,14478,0.111098023048079,0.07309028800282702,0.0628227025541355,0.03722245126332528,0.10004515381746079,0.1731354418202878,0.2842334648683668
15980,"Cape Coral-Fort Myers, FL Metro Area",79907,6166,7566,6476,5794,26002,0.07716470396836322,0.09468507139549727,0.07250929205201047,0.0810442138986572,0.15355350595066766,0.24823857734616492,0.3254032813145281
16020,"Cape Girardeau, MO-IL Metro Area",11687,1464,1003,403,529,3399,0.12526739111833662,0.08582185334131942,0.045263968512021906,0.034482758620689655,0.07974672713271155,0.16556858047403097,0.29083597159236757
16060,"Carbondale-Marion, IL Metro Area",19564,2037,1345,1127,998,5507,0.10411981189940707,0.0687487221427111,0.0510120629728072,0.057605806583520755,0.10861786955632795,0.17736659169903904,0.2814864035984461
16180,"Carson City, NV Metro Area",9950,1176,837,1484,671,4168,0.11819095477386934,0.08412060301507537,0.06743718592964824,0.14914572864321607,0.21658291457286433,0.3007035175879397,0.41889447236180904
16220,"Casper, WY Metro Area",10828,855,769,1223,481,3328,0.07896195049870705,0.07101957886959734,0.044421869227927596,0.11294791281861839,0.157369782046546,0.22838936091614334,0.3073513114148504
16300,"Cedar Rapids, IA Metro Area",26799,3785,5193,2760,1537,13275,0.14123661330646667,0.19377588715996866,0.057352886301727676,0.10298891749692153,0.1603418037986492,0.35411769095861784,0.49535430426508453
16540,"Chambersburg-Waynesboro, PA Metro Area",18051,2071,906,389,491,3857,0.11473048584565952,0.0501911251454213,0.02720070910198881,0.021550052628663233,0.04875076173065204,0.09894188687607335,0.21367237272173287
16580,"Champaign-Urbana, IL Metro Area",41174,5844,8071,5818,3729,23462,0.14193423033953464,0.19602176130567833,0.09056686258318357,0.14130276388011853,0.2318696264633021,0.42789138776898045,0.5698256181085151
16620,"Charleston, WV Metro Area",27572,2881,1442,1262,2054,7639,0.1044900623821268,0.052299434208617435,0.0744958653706659,0.0457710721021326,0.12026693747279849,0.17256637168141592,0.27705643406354274
16700,"Charleston-North Charleston, SC Metro Area",97591,14071,12499,7103,5599,39272,0.1441833775655542,0.12807533481571046,0.05737209373815209,0.07278335092375321,0.1301554446619053,0.25823077947761575,0.40241415704316996
16740,"Charlotte-Concord-Gastonia, NC-SC Metro Area",318578,38121,46376,30260,21742,136499,0.11965986351851038,0.14557188506425428,0.06824702270715492,0.0949845877618668,0.1632316104690217,0.308803495533276,0.4284633590517864
16820,"Charlottesville, VA Metro Area",31934,3002,4615,2042,2225,11884,0.0940063881756122,0.14451681593286153,0.06967495459384981,0.06394438529467025,0.13361933988852007,0.2781361558213816,0.3721425439969938
16860,"Chattanooga, TN-GA Metro Area",70105,7589,6584,3549,4580,22302,0.10825190785250695,0.09391626845446116,0.06533057556522359,0.050624063904143785,0.11595463946936738,0.20987090792382854,0.3181228157763355
16940,"Cheyenne, WY Metro Area",11847,1011,504,813,714,3042,0.08533806026842239,0.042542415801468725,0.06026842238541403,0.06862496834641682,0.12889339073183084,0.17143580653329957,0.25677386680172193
16980,"Chicago-Naperville-Elgin, IL-IN-WI Metro Area",1243348,205932,114925,104590,208775,634222,0.16562700064664115,0.09243188552199384,0.16791356884798142,0.08411965113548259,0.252033219983464,0.34446510550545784,0.510092106152099
17020,"Chico, CA Metro Area",35439,3412,2063,1615,2412,9502,0.09627811168486695,0.05821270351872231,0.0680606111910607,0.04557126329749711,0.1136318744885578,0.17184457800728012,0.2681226896921471
17140,"Cincinnati, OH-KY-IN Metro Area",286367,39754,50211,15857,23569,129391,0.13882186145750033,0.1753379404749849,0.08230347770518251,0.05537300038063045,0.13767647808581296,0.31301441856079787,0.4518362800182982
17300,"Clarksville, TN-KY Metro Area",43314,4668,2623,1328,1296,9915,0.10777115944036571,0.06055778732049684,0.029921041695525695,0.03065983284850164,0.06058087454402734,0.12113866186452417,0.22890982130488988
17420,"Cleveland, TN Metro Area",15496,1734,635,231,520,3120,0.11189984512132163,0.04097831698502839,0.03355704697986577,0.014907072792978834,0.04846411977284461,0.089442436757873,0.20134228187919462
17460,"Cleveland-Elyria, OH Metro Area",300376,28542,33959,20322,56756,139579,0.09502090712973074,0.11305497110288439,0.1889498495219325,0.06765520547580366,0.25660505499773617,0.36966002610062054,0.4646809332303513
17660,"Coeur d'Alene, ID Metro Area",17862,1491,1376,914,1148,4929,0.08347329526368828,0.07703504646736088,0.06427051841899004,0.051170081737767326,0.11544060015675736,0.19247564662411823,0.2759489418878065
17780,"College Station-Bryan, TX Metro Area",45478,4921,6088,2479,3863,17351,0.10820616561854084,0.1338669246668719,0.08494216984036237,0.05450987290558072,0.13945204274594308,0.273318967412815,0.3815251330313558
17820,"Colorado Springs, CO Metro Area",93756,8950,11293,10240,7824,38307,0.09546055719100645,0.12045095780536712,0.0834506591578139,0.1092196766073638,0.1926703357651777,0.3131212935705448,0.40858185076155124
17860,"Columbia, MO Metro Area",31271,4256,3643,2001,1874,11774,0.13610054043682646,0.11649771353650347,0.059927728566403375,0.0639889993924083,0.12391672795881167,0.24041444149531516,0.3765149819321416
17900,"Columbia, SC Metro Area",100687,13343,10339,6240,6674,36596,0.1325195904138568,0.10268455709277265,0.06628462462880014,0.06197423699186588,0.12825886162066602,0.23094341871343868,0.36346300912729546
17980,"Columbus, GA-AL Metro Area",51509,7184,5502,2485,2729,17900,0.13947077209807995,0.1068162845328001,0.052981032440932656,0.04824399619483974,0.10122502863577239,0.2080413131685725,0.34751208526665245
18020,"Columbus, IN Metro Area",9082,1096,1036,670,496,3298,0.12067826469940542,0.11407179035454745,0.05461352125082581,0.0737722968509139,0.1283858181017397,0.24245760845628717,0.36313587315569257
18140,"Columbus, OH Metro Area",302834,56097,33235,19739,22904,131975,0.1852400985358315,0.10974659384349181,0.07563219453562017,0.06518092420269851,0.14081311873831867,0.2505597125818105,0.435799811117642
18580,"Corpus Christi, TX Metro Area",63960,9587,5203,1678,4246,20714,0.14989055659787368,0.08134771732332707,0.06638524077548467,0.026235146966854285,0.09262038774233897,0.17396810506566604,0.3238586616635397
18700,"Corvallis, OR Metro Area",15134,2707,1529,1060,1421,6717,0.1788687723007797,0.10103079159508392,0.0938945420906568,0.07004096735826616,0.16393550944892296,0.26496630104400687,0.44383507334478656
18880,"Crestview-Fort Walton Beach-Destin, FL Metro Area",35518,3556,2038,2207,2648,10449,0.10011824990145841,0.05737935694577397,0.0745537473956867,0.06213750774255307,0.13669125513823976,0.19407061208401374,0.29418886198547217
19060,"Cumberland, MD-WV Metro Area",11870,1348,596,494,701,3139,0.11356360572872788,0.0502106149957877,0.0590564448188711,0.04161752316764954,0.10067396798652065,0.15088458298230834,0.2644481887110362
19100,"Dallas-Fort Worth-Arlington, TX Metro Area",1023865,146665,183275,105436,150835,586211,0.1432464240891133,0.1790030912278474,0.14731922665585795,0.10297842000654384,0.2502976466624018,0.4293007378902492,0.5725471619793625
19140,"Dalton, GA Metro Area",17640,1989,1220,495,304,4008,0.11275510204081633,0.0691609977324263,0.017233560090702947,0.02806122448979592,0.04529478458049887,0.11445578231292516,0.2272108843537415
19180,"Danville, IL Metro Area",9617,950,746,325,688,2709,0.09878340438806281,0.07757096807736301,0.07153998128314443,0.03379432255381096,0.1053343038369554,0.1829052719143184,0.2816886763023812
19300,"Daphne-Fairhope-Foley, AL Metro Area",20741,1843,2360,1240,1198,6641,0.08885781784870546,0.11378429198206451,0.05775999228581071,0.05978496697362712,0.11754495925943782,0.23132925124150233,0.3201870690902078
19340,"Davenport-Moline-Rock Island, IA-IL Metro Area",45284,5596,5267,3289,4678,18830,0.12357565586078968,0.11631039660807349,0.10330359508877307,0.07263050967229043,0.1759341047610635,0.292244501369137,0.4158201572299267
19380,"Dayton, OH Metro Area",121687,17813,11997,5017,8195,43022,0.14638375504367762,0.09858900293375628,0.06734490948088127,0.04122872615809413,0.1085736356389754,0.20716263857273168,0.3535463936164093
19460,"Decatur, AL Metro Area",15396,2392,1037,750,627,4806,0.15536502987789036,0.06735515718368408,0.04072486360093531,0.04871395167575994,0.08943881527669524,0.15679397246037932,0.31215900233826965
19500,"Decatur, IL Metro Area",13437,1728,1211,776,1555,5270,0.12860013395847286,0.090124283694277,0.11572523628786187,0.057750986083203094,0.17347622237106497,0.26360050606534197,0.39220064002381483
19660,"Deltona-Daytona Beach-Ormond Beach, FL Metro Area",73488,6811,6771,4159,6133,23874,0.0926817983888526,0.0921374918354017,0.08345580230785979,0.056594273895057695,0.14005007620291748,0.2321875680383192,0.3248693664271718
19740,"Denver-Aurora-Lakewood, CO Metro Area",398634,39472,67724,61897,73102,242195,0.09901814697190907,0.16989017494744552,0.1833812469583628,0.15527275646332225,0.33865400342168506,0.5085441783691306,0.6075623253410396
19780,"Des Moines-West Des Moines, IA Metro Area",75206,7953,10584,15866,8055,42458,0.10574954126000585,0.14073345211818206,0.10710581602531713,0.21096721006302688,0.31807302608834404,0.4588064782065261,0.5645560194665319
19820,"Detroit-Warren-Dearborn, MI Metro Area",527324,76782,54920,30767,67890,230359,0.14560687546935092,0.1041484931465285,0.12874437727089985,0.05834553329641738,0.18708991056731725,0.29123840371384574,0.43684527918319666
20020,"Dothan, AL Metro Area",17718,1563,908,433,522,3426,0.08821537419573315,0.05124731911050909,0.02946156451066712,0.02443842420137713,0.053899988712044246,0.10514730782255334,0.1933626820182865
20100,"Dover, DE Metro Area",19991,1488,2600,1008,834,5930,0.07443349507278275,0.13005852633685158,0.041718773448051624,0.05042269021059477,0.0921414636586464,0.22219998999549798,0.29663348506828074
20220,"Dubuque, IA Metro Area",10594,1256,907,845,895,3903,0.11855767415518217,0.08561449877289032,0.08448178214083443,0.07976212950726827,0.1642439116481027,0.24985841042099302,0.3684160845761752
20260,"Duluth, MN-WI Metro Area",33819,2735,2941,4455,4929,15060,0.08087169934060735,0.08696294982110647,0.14574647387563205,0.1317306839350661,0.27747715781069815,0.3644401076318046,0.44531180697241196
20500,"Durham-Chapel Hill, NC Metro Area",87675,12074,16361,6705,6540,41680,0.13771314513829483,0.1866096378671229,0.07459366980325065,0.07647562018819504,0.15106928999144567,0.33767892785856857,0.4753920729968634
20700,"East Stroudsburg, PA Metro Area",12652,821,536,577,321,2255,0.06489092633575719,0.04236484350300348,0.025371482769522606,0.045605437875434716,0.07097692064495732,0.1133417641479608,0.17823269048371798
20740,"Eau Claire, WI Metro Area",21955,2799,1455,1416,1435,7105,0.12748804372580277,0.06627191983602825,0.06536096561147803,0.06449555909815531,0.12985652470963335,0.19612844454566158,0.3236164882714644
20940,"El Centro, CA Metro Area",18340,2712,1161,674,909,5456,0.14787350054525628,0.06330425299890949,0.049563794983642315,0.036750272628135225,0.08631406761177754,0.14961832061068703,0.2974918211559433
21060,"Elizabethtown-Fort Knox, KY Metro Area",20062,2433,1539,547,370,4889,0.12127405044362477,0.07671219220416708,0.018442827235569732,0.027265477021234174,0.04570830425680391,0.12242049646097099,0.24369454690459574
21140,"Elkhart-Goshen, IN Metro Area",22545,2484,1987,1602,1960,8033,0.11017964071856287,0.0881348414282546,0.08693723663783544,0.07105788423153693,0.15799512086937237,0.24612996229762696,0.35630960301618986
21300,"Elmira, NY Metro Area",11024,1149,638,306,1024,3117,0.10422714078374455,0.05787373004354136,0.09288824383164006,0.027757619738751814,0.12064586357039188,0.17851959361393324,0.2827467343976778
21340,"El Paso, TX Metro Area",102723,13898,13270,5528,7696,40392,0.1352958928380207,0.1291823642222287,0.07491993029798584,0.053814627688054284,0.12873455798604014,0.25791692220826884,0.3932128150462895
21420,"Enid, OK Metro Area",8469,523,501,313,314,1651,0.061754634549533595,0.05915692525681899,0.037076396268744836,0.036958318573621446,0.07403471484236628,0.13319164009918527,0.19494627464871886
21500,"Erie, PA Metro Area",37637,3560,2324,2014,3565,11463,0.0945877726705104,0.061747748226479264,0.09472062066583416,0.053511172516406726,0.1482317931822409,0.20997954140872013,0.30456731407923054
21660,"Eugene, OR Metro Area",62345,6846,5737,4448,6492,23523,0.1098083246451199,0.09202021012110033,0.10413024300264656,0.07134493543989093,0.1754751784425375,0.2674953885636378,0.3773037132087577
21780,"Evansville, IN-KY Metro Area",40956,6255,4780,2283,3100,16418,0.1527248754761207,0.11671061627112023,0.07569098544779763,0.05574274831526516,0.1314337337630628,0.24814435003418303,0.40086922551030374
21820,"Fairbanks, AK Metro Area",15150,1295,853,697,785,3630,0.08547854785478548,0.0563036303630363,0.051815181518151815,0.046006600660066004,0.09782178217821783,0.15412541254125411,0.2396039603960396
22020,"Fargo, ND-MN Metro Area",42498,3020,7056,15553,6788,32417,0.07106216763141796,0.1660313426514189,0.15972516353710764,0.36597016330180243,0.5256953268389101,0.6917266694903289,0.7627888371217469
22140,"Farmington, NM Metro Area",12148,579,518,295,224,1616,0.047662166611787946,0.042640763911755024,0.018439249259137307,0.024283832729667436,0.04272308198880474,0.08536384590055976,0.13302601251234772
22180,"Fayetteville, NC Metro Area",66757,7918,6450,5323,1093,20784,0.11860928441961142,0.09661908114504845,0.016372814835897358,0.07973695642404542,0.09610977125994277,0.19272885240499124,0.31133813682460265
22220,"Fayetteville-Springdale-Rogers, AR-MO Metro Area",75644,7101,13983,2970,2780,26834,0.09387393580455819,0.184852731214637,0.03675109724498969,0.03926286288403574,0.07601396012902543,0.2608666913436624,0.35474062714822063
22380,"Flagstaff, AZ Metro Area",18639,2971,2226,699,903,6799,0.15939696335640324,0.1194270078866892,0.04844680508610977,0.03750201191051022,0.08594881699661999,0.2053758248833092,0.36477278823971243
22420,"Flint, MI Metro Area",51196,5893,6790,3304,4163,20150,0.11510664895694976,0.13262754902726775,0.08131494648019376,0.06453629189780452,0.1458512383779983,0.27847878740526605,0.3935854363622158
22500,"Florence, SC Metro Area",26044,2643,1554,561,841,5599,0.10148210720319459,0.05966825372446629,0.032291506681001385,0.02154046997389034,0.05383197665489172,0.11350023037935801,0.2149823375825526
22520,"Florence-Muscle Shoals, AL Metro Area",18088,2446,1314,591,711,5062,0.13522777532065458,0.07264484741264927,0.0393078283945157,0.03267359575409111,0.07198142414860681,0.14462627156125607,0.2798540468819107
22540,"Fond du Lac, WI Metro Area",11898,2122,1346,1194,834,5496,0.17834930240376534,0.11312825684989074,0.07009581442259204,0.10035300050428643,0.17044881492687847,0.2835770717767692,0.46192637418053456
22660,"Fort Collins, CO Metro Area",47280,6296,6542,3935,4008,20781,0.13316412859560067,0.13836717428087986,0.08477157360406092,0.08322758037225042,0.16799915397631135,0.3063663282571912,0.43953045685279185
22900,"Fort Smith, AR-OK Metro Area",35621,2872,2651,1350,1639,8512,0.08062659667050336,0.07442239128603913,0.04601218382414868,0.03789899216754162,0.08391117599169029,0.15833356727772943,0.23896016394823277
23060,"Fort Wayne, IN Metro Area",50059,7080,6181,4122,3972,21355,0.14143310893146088,0.12347430032561578,0.07934637128188737,0.08234283545416408,0.16168920673605147,0.2851635070616672,0.4265966159931281
23420,"Fresno, CA Metro Area",143680,20978,7665,4554,9431,42628,0.14600501113585745,0.05334771714922049,0.06563891982182628,0.03169543429844098,0.09733435412026727,0.15068207126948774,0.2966870824053452
23460,"Gadsden, AL Metro Area",10895,1294,642,301,371,2608,0.11877007801743919,0.05892611289582377,0.03405231757687013,0.02762735199632859,0.06167966957319872,0.12060578246902248,0.23937586048646167
23540,"Gainesville, FL Metro Area",44924,6615,7302,5224,4159,23300,0.14724868667082183,0.16254118066067136,0.09257857715252427,0.11628528180927789,0.20886385896180215,0.3714050396224735,0.5186537262932953
23580,"Gainesville, GA Metro Area",20060,1745,2473,1026,1385,6629,0.08698903290129611,0.12328015952143569,0.06904287138584247,0.05114656031904287,0.12018943170488534,0.24346959122632103,0.3304586241276172
23900,"Gettysburg, PA Metro Area",8928,917,278,354,101,1650,0.10271057347670251,0.031137992831541218,0.011312724014336917,0.0396505376344086,0.05096326164874552,0.08210125448028674,0.18481182795698925
24020,"Glens Falls, NY Metro Area",14508,1903,602,930,734,4169,0.13116901020126825,0.04149434794596085,0.05059277639922801,0.0641025641025641,0.11469534050179211,0.15618968844775297,0.28735869864902125
24140,"Goldsboro, NC Metro Area",18527,1866,350,748,499,3463,0.10071787121498353,0.01889134776272467,0.026933664381713174,0.040373508932908725,0.06730717331462191,0.08619852107734657,0.18691639229233012
24220,"Grand Forks, ND-MN Metro Area",18874,1355,3249,5207,2720,12531,0.0717918830136696,0.1721415704143266,0.14411359542227403,0.2758821659425665,0.4199957613648405,0.592137331779167,0.6639292147928367
24260,"Grand Island, NE Metro Area",10874,1158,883,490,667,3198,0.10649255103917601,0.08120286922935442,0.06133897369873092,0.045061614861136655,0.10640058855986757,0.187603457789222,0.29409600882839804
24300,"Grand Junction, CO Metro Area",20003,1790,1148,1077,931,4946,0.08948657701344798,0.057391391291306305,0.046543018547217915,0.053841923711443286,0.1003849422586612,0.1577763335499675,0.24726291056341548
24340,"Grand Rapids-Wyoming, MI Metro Area",105342,13144,16809,8974,9432,48359,0.12477454386664388,0.1595659850771772,0.0895369368343111,0.08518919329422263,0.17472613012853372,0.33429211520571095,0.45906665907235483
24420,"Grants Pass, OR Metro Area",11957,651,135,302,688,1776,0.05444509492347579,0.011290457472610187,0.05753951660115413,0.025257171531320566,0.0827966881324747,0.09408714560508488,0.14853224052856068
24500,"Great Falls, MT Metro Area",12330,775,1205,885,876,3741,0.06285482562854826,0.09772911597729116,0.07104622871046229,0.07177615571776155,0.14282238442822384,0.240551500405515,0.30340632603406326
24540,"Greeley, CO Metro Area",27957,3327,2695,1913,1577,9512,0.11900418499839038,0.09639803984690776,0.05640805522767107,0.06842651214364917,0.12483456737132025,0.221232607218228,0.3402367922166184
24580,"Green Bay, WI Metro Area",40650,9765,5012,2893,3193,20863,0.24022140221402213,0.12329643296432964,0.07854858548585486,0.07116851168511686,0.1497170971709717,0.27301353013530133,0.5132349323493235
24660,"Greensboro-High Point, NC Metro Area",110569,17788,15763,7341,4943,45835,0.16087691848528973,0.14256256274362616,0.04470511626224349,0.06639293111089004,0.11109804737313352,0.25366061011675967,0.4145375286020494
24780,"Greenville, NC Metro Area",32937,6066,6078,2378,767,15289,0.1841697786683669,0.1845341105747336,0.023286881015271578,0.07219843944500107,0.09548532046027264,0.2800194310350062,0.46418920970337313
24860,"Greenville-Anderson-Mauldin, SC Metro Area",109137,13679,12391,7148,5772,38990,0.1253378780798446,0.11353619762317088,0.05288765496577696,0.06549566141638491,0.11838331638216187,0.23191951400533276,0.35725739208517737
25020,"Guayama, PR Metro Area",7407,1039,270,42,294,1645,0.14027271499932498,0.03645200486026731,0.03969218307006885,0.005670311867152693,0.04536249493722155,0.08181449979748887,0.22208721479681381
25060,"Gulfport-Biloxi-Pascagoula, MS Metro Area",55112,7691,5272,2373,4074,19410,0.1395521846421832,0.09565974742342866,0.07392219480330962,0.04305777326172158,0.1169799680650312,0.21263971548845986,0.35219190013064305
25180,"Hagerstown-Martinsburg, MD-WV Metro Area",30526,2864,3640,930,1570,9004,0.09382166022407128,0.11924261285461574,0.051431566533446896,0.03046583240516281,0.08189739893860971,0.20114001179322544,0.29496167201729673
25220,"Hammond, LA Metro Area",15080,965,333,203,152,1653,0.06399204244031831,0.022082228116710876,0.010079575596816976,0.013461538461538462,0.023541114058355437,0.04562334217506631,0.10961538461538461
25260,"Hanford-Corcoran, CA Metro Area",20621,1873,935,611,955,4374,0.09082973667620386,0.04534212695795548,0.04631201202657485,0.02962998884632171,0.07594200087289656,0.12128412783085205,0.2121138645070559
25420,"Harrisburg-Carlisle, PA Metro Area",74017,10547,7298,3447,6752,28044,0.14249429185187187,0.09859897050677548,0.09122228677195779,0.046570382479700606,0.1377926692516584,0.23639163975843389,0.37888593161030576
25500,"Harrisonburg, VA Metro Area",18484,1898,2458,403,959,5718,0.10268340186106903,0.13297987448604198,0.05188270937026618,0.02180264012118589,0.07368534949145207,0.20666522397749404,0.3093486258385631
25540,"Hartford-West Hartford-East Hartford, CT Metro Area",157016,23210,16630,14709,20506,75055,0.14781933051408774,0.10591277322056351,0.13059815560197688,0.09367835125082793,0.2242765068528048,0.33018928007336834,0.47800861058745603
25620,"Hattiesburg, MS Metro Area",20302,3161,2330,1262,729,7482,0.15569894591665845,0.11476701802778051,0.03590779233573047,0.06216136341247168,0.09806915574820214,0.21283617377598266,0.36853511969264113
25860,"Hickory-Lenoir-Morganton, NC Metro Area",41022,4100,2132,933,894,8059,0.09994637024035884,0.05197211252498659,0.021793184145092875,0.022743893520549948,0.04453707766564283,0.09650919019062942,0.19645556043098825
25940,"Hilton Head Island-Bluffton-Beaufort, SC Metro Area",23195,3050,2063,1829,768,7710,0.13149385643457642,0.08894158223755119,0.03311058417762449,0.07885320112093124,0.11196378529855572,0.2009053675361069,0.33239922397068333
25980,"Hinesville, GA Metro Area",14603,1114,875,377,137,2503,0.07628569472026296,0.05991919468602342,0.009381633910840239,0.025816613024720946,0.03519824693556119,0.0951174416215846,0.17140313634184756
26140,"Homosassa Springs, FL Metro Area",11643,445,249,484,400,1578,0.03822038993386584,0.021386240659623808,0.034355406682126596,0.04157004208537318,0.07592544876749978,0.0973116894271236,0.13553207936098943
26300,"Hot Springs, AR Metro Area",12939,971,874,812,1128,3785,0.07504443929206275,0.06754772393538913,0.08717829816832831,0.06275600896514413,0.14993430713347244,0.21748203106886158,0.29252647036092433
26380,"Houma-Thibodaux, LA Metro Area",20550,1402,1506,833,963,4704,0.06822384428223845,0.07328467153284672,0.04686131386861314,0.0405352798053528,0.08739659367396593,0.16068126520681264,0.2289051094890511
26420,"Houston-The Woodlands-Sugar Land, TX Metro Area",914476,99785,179968,91712,162291,533756,0.109117133746539,0.19679904119955036,0.17746884554652062,0.10028912732537541,0.277757972871896,0.4745570140714464,0.5836741478179854
26580,"Huntington-Ashland, WV-KY-OH Metro Area",40323,3625,3180,1780,2071,10656,0.08989906504972349,0.07886317982292984,0.051360265853235124,0.04414354090717457,0.09550380676040969,0.17436698658333954,0.264266051633063
26620,"Huntsville, AL Metro Area",54668,8648,7358,3731,3360,23097,0.1581912636277164,0.13459427818833686,0.06146191556303505,0.0682483354064535,0.12971025096948854,0.26430452915782543,0.42249579278554183
26820,"Idaho Falls, ID Metro Area",13633,1008,886,582,668,3144,0.07393823809873103,0.06498936404313065,0.04899875302574635,0.042690530330814935,0.09168928335656129,0.15667864739969192,0.23061688549842294
26900,"Indianapolis-Carmel-Anderson, IN Metro Area",267929,46275,34333,15984,21469,118061,0.17271366668035187,0.12814215706399829,0.08012943727629335,0.059657595855618466,0.13978703313191182,0.2679291901959101,0.440642856876262
26980,"Iowa City, IA Metro Area",25993,4119,5843,3022,1741,14725,0.15846574077636286,0.22479128996268227,0.06697957142307544,0.11626207055745778,0.18324164198053322,0.4080329319432155,0.5664986727195783
27060,"Ithaca, NY Metro Area",17577,3151,1673,1317,2117,8258,0.179268362064061,0.09518120270808443,0.12044148603288388,0.07492746202423622,0.1953689480571201,0.2905501507652045,0.4698185128292655
27100,"Jackson, MI Metro Area",16417,2052,1833,1291,1153,6329,0.1249923859414022,0.11165255527806542,0.0702320765060608,0.07863799719802643,0.14887007370408722,0.26052262898215267,0.38551501492355483
27140,"Jackson, MS Metro Area",68188,13649,6424,1713,3134,24920,0.20016718484190768,0.09421012494867131,0.04596116618759899,0.02512172229717839,0.07108288848477738,0.1652930134334487,0.36546019827535636
27180,"Jackson, TN Metro Area",17226,2097,690,261,629,3677,0.12173458725182863,0.04005572971090213,0.03651457099732962,0.015151515151515152,0.05166608614884477,0.0917218158597469,0.21345640311157552
27260,"Jacksonville, FL Metro Area",200169,23828,28632,17323,14743,84526,0.11903941169711593,0.14303913193351617,0.07365276341491439,0.08654187211806023,0.16019463553297464,0.30323376746649083,0.42227317916360674
27340,"Jacksonville, NC Metro Area",30257,1721,1457,2184,494,5856,0.05687939980830882,0.04815414614799881,0.016326800409822522,0.07218164391711009,0.08850844432693261,0.13666259047493143,0.19354199028324023
27500,"Janesville-Beloit, WI Metro Area",20681,2384,1590,2074,1187,7235,0.11527488999564818,0.07688216237125864,0.057395677191625166,0.10028528601131473,0.1576809632029399,0.23456312557419853,0.3498380155698467
27620,"Jefferson City, MO Metro Area",16113,1862,1143,387,685,4077,0.11555886551231924,0.07093651089182648,0.04251225718364054,0.024017873766523926,0.06653013095016447,0.13746664184199095,0.2530255073543102
27740,"Johnson City, TN Metro Area",28029,4251,2717,1450,1084,9502,0.15166434763994435,0.09693531699311428,0.03867423026151486,0.05173213457490456,0.09040636483641942,0.1873416818295337,0.33900602946947805
27780,"Johnstown, PA Metro Area",14780,1381,796,608,1499,4284,0.09343707713125846,0.05385656292286874,0.10142083897158322,0.041136671177266576,0.1425575101488498,0.19641407307171854,0.28985115020297697
27860,"Jonesboro, AR Metro Area",20802,1937,2351,833,486,5607,0.09311604653398711,0.11301797904047688,0.023363138159792327,0.04004422651668109,0.06340736467647341,0.1764253437169503,0.26954139025093743
27900,"Joplin, MO Metro Area",22432,1447,1099,827,711,4084,0.06450606276747503,0.04899251069900143,0.031695791726105566,0.0368669757489301,0.06856276747503566,0.11755527817403709,0.18206134094151213
27980,"Kahului-Wailuku-Lahaina, HI Metro Area",21634,2387,1724,1318,1595,7024,0.11033558287880188,0.07968937783119165,0.07372654155495978,0.06092262179902006,0.13464916335397983,0.21433854118517148,0.3246741240639734
28020,"Kalamazoo-Portage, MI Metro Area",43783,6250,7311,6026,3507,23094,0.14274946897197544,0.16698261882465798,0.08009958202955485,0.1376333280040198,0.21773291003357467,0.3847155288582326,0.5274649978302081
28100,"Kankakee, IL Metro Area",12731,1730,541,277,922,3470,0.13588877543005262,0.04249469798130547,0.07242164794595868,0.021757913753829235,0.09417956169978792,0.1366742596810934,0.27256303511114605
28140,"Kansas City, MO-KS Metro Area",286306,41037,32813,19080,25838,118768,0.14333265806514708,0.1146081465285394,0.09024610032622439,0.06664198445020363,0.15688808477642802,0.2714962313049674,0.4148288893701145
28420,"Kennewick-Richland, WA Metro Area",30705,3808,3221,2253,3309,12591,0.12401888943168865,0.104901481843348,0.10776746458231558,0.07337567171470445,0.18114313629702003,0.286044618140368,0.4100635075720567
28660,"Killeen-Temple, TX Metro Area",66224,5853,5468,2579,2170,16070,0.08838185552065717,0.08256825320125634,0.032767576709350085,0.038943585407103166,0.07171116211645324,0.15427941531770958,0.24266127083836675
28700,"Kingsport-Bristol-Bristol, TN-VA Metro Area",35190,4449,3177,987,1325,9938,0.12642796248934357,0.09028132992327366,0.03765274225632282,0.02804774083546462,0.06570048309178744,0.1559818130150611,0.28240977550440466
28740,"Kingston, NY Metro Area",21724,2651,1836,1010,1224,6721,0.1220309335297367,0.08451482231633217,0.05634321487755478,0.04649235868164242,0.1028355735591972,0.18735039587552937,0.3093813294052661
28940,"Knoxville, TN Metro Area",106948,11804,13886,7727,7455,40872,0.11037139544451509,0.12983880016456595,0.06970677338519654,0.07225006545236938,0.1419568388375659,0.2717956390021319,0.38216703444664696
29020,"Kokomo, IN Metro Area",10933,1620,858,651,772,3901,0.14817524924540382,0.07847800237812129,0.07061190889966157,0.05954449830787524,0.13015640720753682,0.2086344095856581,0.3568096588310619
29100,"La Crosse-Onalaska, WI-MN Metro Area",19076,2281,1929,2314,2016,8540,0.11957433424197945,0.1011218284755714,0.10568253302579157,0.12130425665758021,0.22698678968337177,0.32810861815894315,0.44768295240092265
29180,"Lafayette, LA Metro Area",56063,5291,4987,2778,2199,15255,0.09437596989101546,0.08895349874248613,0.039223730446105276,0.049551397534916074,0.08877512798102136,0.17772862672350748,0.27210459661452296
29200,"Lafayette-West Lafayette, IN Metro Area",34000,4854,5300,3638,1985,15777,0.14276470588235293,0.15588235294117647,0.05838235294117647,0.107,0.16538235294117648,0.32126470588235295,0.46402941176470586
29340,"Lake Charles, LA Metro Area",25785,2810,1824,694,1114,6442,0.10897808803567965,0.07073880162885399,0.04320341283692069,0.02691487298817142,0.07011828582509211,0.1408570874539461,0.24983517548962575
29420,"Lake Havasu City-Kingman, AZ Metro Area",26810,1161,908,968,1141,4178,0.0433047370384185,0.033867959716523684,0.04255874673629243,0.036105930622901905,0.07866467735919433,0.11253263707571802,0.1558373741141365
29460,"Lakeland-Winter Haven, FL Metro Area",72785,5318,4955,2439,3861,16573,0.07306450504911727,0.0680772137116164,0.053046644226145495,0.03350965171395205,0.08655629594009755,0.15463350965171396,0.2276980147008312
29540,"Lancaster, PA Metro Area",63913,8017,6021,3203,5469,22710,0.12543613975247603,0.09420618653482077,0.0855694459656095,0.050115000078231345,0.13568444604384083,0.22989063257866163,0.35532677233113763
29620,"Lansing-East Lansing, MI Metro Area",65595,9073,13208,5506,5935,33722,0.1383184693955332,0.20135681073252534,0.09047945727570698,0.08393932464364662,0.17441878191935362,0.37577559265187893,0.5140940620474121
29700,"Laredo, TX Metro Area",27642,2339,2715,2040,2501,9595,0.08461761088199117,0.09822009984805731,0.0904782577237537,0.07380073800738007,0.16427899573113378,0.2624990955791911,0.34711670646118226
29740,"Las Cruces, NM Metro Area",29580,2947,2154,1301,1339,7741,0.09962812711291413,0.07281947261663287,0.045267072346179854,0.04398242055442867,0.08924949290060852,0.16206896551724137,0.2616970926301555
29820,"Las Vegas-Henderson-Paradise, NV Metro Area",359907,58095,40878,19058,39652,157683,0.16141669931398944,0.11357934132984354,0.1101729057784372,0.052952568302367,0.16312547408080422,0.27670481541064773,0.4381215147246372
29940,"Lawrence, KS Metro Area",22293,2704,3685,1856,1448,9693,0.12129367963037725,0.16529852420042165,0.06495312429910734,0.08325483335576189,0.14820795765486924,0.3135064818552909,0.43480016148566814
30020,"Lawton, OK Metro Area",19873,2469,1371,870,749,5459,0.12423891712373572,0.06898807427162482,0.03768932722789715,0.04377799023801137,0.08146731746590852,0.15045539173753333,0.27469430886126905
30140,"Lebanon, PA Metro Area",16080,1142,874,589,917,3522,0.07101990049751243,0.05435323383084577,0.0570273631840796,0.03662935323383085,0.09365671641791044,0.1480099502487562,0.21902985074626866
30300,"Lewiston, ID-WA Metro Area",7526,706,349,321,439,1815,0.09380813180972629,0.04637257507307999,0.0583311187882009,0.04265213925059793,0.10098325803879883,0.14735583311187883,0.2411639649216051
30340,"Lewiston-Auburn, ME Metro Area",16219,3355,1238,1154,1175,6922,0.2068561563598249,0.07633022997718725,0.07244589678771811,0.07115111905789506,0.14359701584561316,0.21992724582280043,0.42678340218262534
30460,"Lexington-Fayette, KY Metro Area",82633,11098,10604,5875,5521,33098,0.1343046966708216,0.12832645553229338,0.0668135006595428,0.07109750341873101,0.1379110040782738,0.2662374596105672,0.4005421562813888
30620,"Lima, OH Metro Area",13585,1239,595,862,773,3469,0.09120353330879646,0.043798306956201696,0.056900993743099,0.06345233713654766,0.12035333087964667,0.16415163783584835,0.25535517114464484
30700,"Lincoln, NE Metro Area",50876,6211,9249,7366,4688,27514,0.122081138454281,0.1817949524333674,0.09214560893151977,0.14478339492098435,0.23692900385250412,0.41872395628587156,0.5408050947401525
30780,"Little Rock-North Little Rock-Conway, AR Metro Area",101655,13039,14192,4718,6969,38918,0.12826717820077713,0.1396094633810437,0.06855540799763907,0.04641188333087404,0.1149672913285131,0.2545767547095568,0.382843932910334
30860,"Logan, UT-ID Metro Area",14898,1057,1477,967,885,4386,0.07094912068734058,0.09914082427171432,0.059403946838501816,0.06490804134783193,0.12431198818633374,0.22345281245804807,0.29440193314538865
30980,"Longview, TX Metro Area",25793,2207,2172,1457,1536,7372,0.08556585119993797,0.08420889388593805,0.05955104098011088,0.0564881944713682,0.11603923545147908,0.20024812933741712,0.2858139805373551
31020,"Longview, WA Metro Area",14059,1669,1001,1341,987,4998,0.1187139910377694,0.07119994309694858,0.07020413969699126,0.09538373995305498,0.16558787965004623,0.2367878227469948,0.3555018137847642
31080,"Los Angeles-Long Beach-Anaheim, CA Metro Area",2231584,293560,280640,304615,370030,1248845,0.1315478153634369,0.12575820583047737,0.165814954758593,0.13650169565653814,0.3023166504151311,0.4280748562456085,0.5596226716090454
31140,"Louisville/Jefferson County, KY-IN Metro Area",165276,26215,18456,9449,11882,66002,0.15861347080035818,0.11166775575401147,0.07189186572763136,0.057171035117016385,0.12906290084464775,0.24073065659865922,0.3993441273990174
31180,"Lubbock, TX Metro Area",51493,4163,5433,3779,5420,18795,0.08084594022488494,0.10550948672635116,0.10525702522672985,0.07338861592837861,0.17864564115510845,0.28415512788145963,0.36500106810634453
31340,"Lynchburg, VA Metro Area",29593,3565,2974,1473,1415,9427,0.12046767816713412,0.10049673909370459,0.04781536174095225,0.049775284695705066,0.09759064643665732,0.1980873855303619,0.31855506369749603
31420,"Macon-Bibb County, GA Metro Area",33294,5141,2924,1244,2155,11464,0.15441220640355618,0.08782363188562503,0.0647263771250075,0.03736408962575839,0.1020904667507659,0.18991409863639094,0.34432630503994716
31460,"Madera, CA Metro Area",16132,911,563,410,413,2297,0.056471609223902805,0.03489957847756013,0.025601289362757254,0.025415323580461197,0.05101661294321845,0.08591619142077858,0.14238780064468137
31540,"Madison, WI Metro Area",104951,14782,13472,20293,14879,63426,0.14084668083200733,0.12836466541528904,0.14177092166820707,0.19335689988661375,0.33512782155482085,0.46349248697010986,0.6043391678021172
31700,"Manchester-Nashua, NH Metro Area",54201,7708,5919,10215,4402,28244,0.14221139831368426,0.10920462722089998,0.08121621372299404,0.1884651574694194,0.2696813711924134,0.3788859984133134,0.5210973967269976
31740,"Manhattan, KS Metro Area",17352,1951,2998,1580,616,7145,0.11243660673121254,0.17277547256800369,0.03550023052097741,0.09105578607653296,0.12655601659751037,0.29933148916551405,0.4117680958967266
31860,"Mankato-North Mankato, MN Metro Area",13200,1908,1958,1841,1301,7008,0.14454545454545453,0.14833333333333334,0.09856060606060606,0.13946969696969697,0.23803030303030304,0.38636363636363635,0.5309090909090909
31900,"Mansfield, OH Metro Area",15382,1536,1175,616,743,4070,0.0998569756858666,0.0763879859576128,0.048303211545962815,0.04004680795735275,0.08835001950331556,0.16473800546092834,0.26459498114679497
32420,"Mayagüez, PR Metro Area",14073,1210,2579,851,1121,5761,0.08598024586086833,0.18325872237618135,0.07965607901655652,0.06047040432032971,0.14012648333688624,0.32338520571306756,0.4093654515739359
32580,"McAllen-Edinburg-Mission, TX Metro Area",74912,6576,4942,2698,2664,16880,0.08778299871849637,0.06597073900042717,0.03556172575822298,0.03601559162750961,0.07157731738573259,0.13754805638615977,0.22533105510465612
32780,"Medford, OR Metro Area",32301,2573,1334,1375,2921,8203,0.07965697656419306,0.04129903098975264,0.0904306368223894,0.0425683415374137,0.1329989783598031,0.17429800934955575,0.2539549859137488
32820,"Memphis, TN-MS-AR Metro Area",198615,31747,19649,6623,13669,71688,0.15984190519346475,0.09893009087933942,0.06882158950733831,0.03334592049945875,0.10216751000679707,0.20109760088613648,0.36093950607960124
32900,"Merced, CA Metro Area",38228,3395,1165,821,995,6376,0.08880924976457047,0.030475044470021972,0.02602804227267971,0.02147640472951763,0.047504447002197345,0.07797949147221932,0.1667887412367898
33100,"Miami-Fort Lauderdale-West Palm Beach, FL Metro Area",851844,86915,112622,118904,160917,479358,0.10203159263902781,0.1322096534107184,0.1889043064223027,0.13958424312432793,0.3284885495466306,0.460698202957349,0.5627297955963768
33140,"Michigan City-La Porte, IN Metro Area",12080,1205,1006,1179,410,3800,0.09975165562913907,0.08327814569536424,0.03394039735099338,0.09759933774834437,0.13153973509933775,0.214817880794702,0.31456953642384106
33220,"Midland, MI Metro Area",8295,1301,1002,390,710,3403,0.1568414707655214,0.12079566003616636,0.08559373116335142,0.04701627486437613,0.13261000602772754,0.2534056660638939,0.4102471368294153
33260,"Midland, TX Metro Area",18995,3405,2850,1376,1526,9157,0.17925769939457753,0.1500394840747565,0.08033693077125559,0.07244011581995262,0.15277704659120822,0.3028165306659647,0.48207423006054223
33340,"Milwaukee-Waukesha-West Allis, WI Metro Area",251106,32790,21889,31165,34874,120718,0.13058230388760125,0.08717035833472717,0.13888158785532803,0.12411093323138435,0.2629925210867124,0.35016287942143953,0.4807451833090408
33460,"Minneapolis-St. Paul-Bloomington, MN-WI Metro Area",410710,24188,46742,71570,115887,258387,0.05889313627620462,0.11380779625526527,0.2821625964792676,0.1742592096613182,0.4564218061405858,0.5702296023958511,0.6291227386720557
33540,"Missoula, MT Metro Area",20055,2025,1978,1651,1149,6803,0.10097232610321616,0.09862877088007978,0.05729244577412117,0.08232361007230117,0.13961605584642234,0.23824482672650213,0.33921715282971826
33660,"Mobile, AL Metro Area",54711,6622,6071,2899,3657,19249,0.12103598910639542,0.11096488823088593,0.06684213412293688,0.05298751622160078,0.11982965034453766,0.2307945385754236,0.351830527681819
33700,"Modesto, CA Metro Area",73603,4853,2916,2246,5956,15971,0.06593481243971033,0.03961795035528443,0.08092061464885943,0.030515060527424153,0.11143567517628357,0.151053625531568,0.21698843797127834
33740,"Monroe, LA Metro Area",24622,2623,834,540,1185,5182,0.10653074486231826,0.033872146860531235,0.04812769068312891,0.021931605880919504,0.07005929656404841,0.10393144342457965,0.2104621882868979
33780,"Monroe, MI Metro Area",11806,1661,1380,578,971,4590,0.14069117397933253,0.11688971709300355,0.08224631543283076,0.048958156869388446,0.1312044723022192,0.24809418939522276,0.3887853633745553
33860,"Montgomery, AL Metro Area",51274,8532,4219,2336,2180,17267,0.16640012481959668,0.08228341849670398,0.04251667511799353,0.04555915278698756,0.08807582790498109,0.17035924640168507,0.33675937122128174
34060,"Morgantown, WV Metro Area",19084,3180,2933,1547,1173,8833,0.16663173338922657,0.15368895409767344,0.06146510165583735,0.08106267029972752,0.14252777195556487,0.2962167260532383,0.4628484594424649
34100,"Morristown, TN Metro Area",13347,1290,793,247,247,2577,0.09665093279388627,0.05941410054693939,0.018506031317899154,0.018506031317899154,0.03701206263579831,0.0964261631827377,0.19307709597662395
34580,"Mount Vernon-Anacortes, WA Metro Area",15559,1089,1292,1148,985,4514,0.0699916447072434,0.0830387557040941,0.06330741050196027,0.0737836621890867,0.13709107269104698,0.22012982839514109,0.29012147310238445
34620,"Muncie, IN Metro Area",16340,2030,1587,691,863,5171,0.12423500611995104,0.09712362301101592,0.05281517747858017,0.042288861689106484,0.09510403916768666,0.19222766217870257,0.3164626682986536
34740,"Muskegon, MI Metro Area",16703,1643,1800,917,1727,6087,0.09836556307250195,0.10776507214272885,0.10339459977249596,0.05490031730826798,0.15829491708076393,0.2660599892234928,0.3644255522959947
34820,"Myrtle Beach-Conway-North Myrtle Beach, SC-NC Metro Area",48916,6318,4884,3031,1157,15390,0.12916019298389075,0.09984463161337803,0.023652792542317443,0.06196336576989124,0.08561615831220869,0.18546078992558673,0.3146209829094775
34900,"Napa, CA Metro Area",17776,1528,1078,1097,2047,5750,0.08595859585958596,0.06064356435643564,0.11515526552655266,0.06171242124212421,0.17686768676867687,0.2375112511251125,0.3234698469846985
34940,"Naples-Immokalee-Marco Island, FL Metro Area",38513,6033,5678,4080,3197,18988,0.15664840443486616,0.14743073767299353,0.08301093137382183,0.10593825461532469,0.18894918598914653,0.33637992366214003,0.4930283280970062
34980,"Nashville-Davidson--Murfreesboro--Franklin, TN Metro Area",242423,32780,39490,20920,22613,115803,0.1352181929932391,0.16289708484755985,0.09327910305540316,0.0862954422641416,0.17957454531954475,0.3424716301671046,0.4776898231603437
35100,"New Bern, NC Metro Area",17784,1335,700,845,434,3314,0.07506747638326586,0.039361223571749884,0.02440395861448493,0.04751461988304093,0.07191857849752586,0.11127980206927575,0.18634727845254162
35300,"New Haven-Milford, CT Metro Area",125562,15240,10714,11331,17202,54487,0.12137430114206528,0.08532836367690862,0.13700004778515792,0.09024227075070483,0.22724231853586277,0.3125706822127714,0.43394498335483667
35380,"New Orleans-Metairie, LA Metro Area",182630,14502,16650,12625,17874,61651,0.07940645019985763,0.09116793516946832,0.09787001040354816,0.06912883973060285,0.16699885013415103,0.25816678530361936,0.33757323550347695
35620,"New York-Newark-Jersey City, NY-NJ-PA Metro Area",3467844,331678,316579,583467,974542,2206266,0.0956438640261788,0.09128986194304012,0.28102244506961677,0.1682506479530221,0.44927309302263885,0.540562954965679,0.6362068189918577
35660,"Niles-Benton Harbor, MI Metro Area",19320,2037,2033,1069,1330,6469,0.10543478260869565,0.10522774327122153,0.06884057971014493,0.05533126293995859,0.12417184265010352,0.22939958592132506,0.3348343685300207
35840,"North Port-Sarasota-Bradenton, FL Metro Area",88140,7600,9597,7210,8719,33126,0.08622645790787384,0.10888359428182437,0.09892216927615158,0.08180167914681188,0.18072384842296346,0.28960744270478783,0.3758339006126617
35980,"Norwich-New London, CT Metro Area",35943,4689,2784,2408,3178,13059,0.1304565562140055,0.07745597195559636,0.0884177725843697,0.06699496424894973,0.1554127368333194,0.23286870878891577,0.3633252650029213
36100,"Ocala, FL Metro Area",32980,2742,1478,690,1112,6022,0.08314129775621588,0.04481503941782899,0.03371740448756822,0.020921770770163734,0.05463917525773196,0.09945421467556094,0.18259551243177682
36140,"Ocean City, NJ Metro Area",8944,595,365,264,893,2117,0.06652504472271914,0.04080948121645796,0.09984347048300536,0.029516994633273702,0.12936046511627908,0.17016994633273702,0.23669499105545616
36220,"Odessa, TX Metro Area",17855,2356,2989,1137,1403,7885,0.13195183422010642,0.16740408849061889,0.07857742929151498,0.06367964155698684,0.1422570708485018,0.3096611593391207,0.4416129935592271
36260,"Ogden-Clearfield, UT Metro Area",50304,4939,4520,4764,4384,18607,0.09818304707379134,0.08985368956743002,0.0871501272264631,0.09470419847328244,0.18185432569974555,0.2717080152671756,0.3698910623409669
36420,"Oklahoma City, OK Metro Area",185647,24779,20873,8701,13871,68224,0.13347374317925956,0.11243381255824225,0.074717070569414,0.04686851928660307,0.12158558985601707,0.2340194024142593,0.36749314559351887
36500,"Olympia-Tumwater, WA Metro Area",39279,3771,3368,2104,3489,12732,0.09600549912166807,0.08574556378726546,0.08882609027724739,0.05356551847042949,0.14239160874767687,0.22813717253494234,0.3241426716566104
36540,"Omaha-Council Bluffs, NE-IA Metro Area",123082,16244,20992,14439,13318,64993,0.1319770559464422,0.17055296469020653,0.10820428657317886,0.11731203587852002,0.22551632245169886,0.3960692871419054,0.5280463430883476
36740,"Orlando-Kissimmee-Sanford, FL Metro Area",338116,44758,57717,35968,24289,162732,0.13237468797690732,0.1707017709898378,0.07183629286990263,0.10637769286280448,0.1782139857327071,0.34891575672254493,0.48129044469945226
36780,"Oshkosh-Neenah, WI Metro Area",24570,4952,3079,1730,2461,12222,0.20154660154660153,0.1253154253154253,0.10016280016280016,0.0704110704110704,0.17057387057387058,0.2958892958892959,0.49743589743589745
36980,"Owensboro, KY Metro Area",14743,1815,850,403,640,3708,0.12310927219697483,0.05765448009224717,0.04341043206945669,0.02733500644373601,0.0707454385131927,0.12839991860543987,0.2515091908024147
37100,"Oxnard-Thousand Oaks-Ventura, CA Metro Area",99672,10606,10721,7065,8813,37205,0.10640902159081789,0.10756280600369211,0.08842001765791797,0.07088249458222971,0.1593025122401477,0.2668653182438398,0.3732743398346577
37340,"Palm Bay-Melbourne-Titusville, FL Metro Area",62063,8332,7433,3827,4775,24367,0.13425068075987304,0.11976539967452428,0.07693795014743084,0.06166314873596185,0.13860109888339267,0.25836649855791693,0.39261717931779
37460,"Panama City, FL Metro Area",26976,2940,2204,1377,1607,8128,0.10898576512455516,0.08170225385527877,0.0595714709371293,0.051045373665480426,0.11061684460260973,0.1923190984578885,0.3013048635824436
37620,"Parkersburg-Vienna, WV Metro Area",10784,858,421,527,694,2500,0.07956231454005935,0.039039317507418396,0.06435459940652818,0.0488686943620178,0.113223293768546,0.15226261127596438,0.23182492581602374
37860,"Pensacola-Ferry Pass-Brent, FL Metro Area",61222,5351,3918,2893,2768,14930,0.08740322106432329,0.06399660252850282,0.045212505308549214,0.04725425500637026,0.09246676031491947,0.1564633628434223,0.24386658390774557
37900,"Peoria, IL Metro Area",42531,4831,4634,2949,3947,16361,0.11358773600432626,0.10895582046037008,0.0928028967106346,0.06933765958947591,0.1621405563001105,0.2710963767604806,0.38468411276480685
37980,"Philadelphia-Camden-Wilmington, PA-NJ-DE-MD Metro Area",740042,70689,77266,53194,110477,311626,0.09552025425583953,0.10440758767745614,0.1492847703238465,0.07187970412490102,0.2211644744487475,0.32557206212620365,0.4210923163820432
38060,"Phoenix-Mesa-Scottsdale, AZ Metro Area",622826,68247,84590,41615,78862,273314,0.10957635037715188,0.13581642384871537,0.12661963373398027,0.06681641421520618,0.19343604794918645,0.32925247179790185,0.4388288221750537
38220,"Pine Bluff, AR Metro Area",11904,1377,966,492,535,3370,0.11567540322580645,0.0811491935483871,0.04494287634408602,0.04133064516129032,0.08627352150537634,0.16742271505376344,0.2830981182795699
38300,"Pittsburgh, PA Metro Area",302815,30674,25000,22853,37786,116313,0.10129617092944537,0.08255865792645675,0.12478245793636379,0.07546852038373264,0.20025097832009642,0.2828096362465532,0.38410580717599857
38340,"Pittsfield, MA Metro Area",17173,2522,1179,1035,1550,6286,0.1468584405753217,0.06865428288592558,0.09025796308158156,0.060269026960927036,0.15052699004250858,0.21918127292843417,0.3660397135037559
38540,"Pocatello, ID Metro Area",9797,881,607,432,552,2472,0.08992548739410024,0.06195774216596917,0.05634377870776768,0.0440951311626008,0.10043890987036848,0.16239665203633766,0.2523221394304379
38660,"Ponce, PR Metro Area",32702,2224,3782,1116,1615,8737,0.06800807290074001,0.11565041893462173,0.04938535869365788,0.034126353128249035,0.08351171182190692,0.19916213075652867,0.2671702036572687
38860,"Portland-South Portland, ME Metro Area",63067,8321,3593,5004,5355,22273,0.13193904894794425,0.05697115765772908,0.08490969920877797,0.07934418951274042,0.1642538887215184,0.22122504637924748,0.35316409532719173
38900,"Portland-Vancouver-Hillsboro, OR-WA Metro Area",352297,43338,43113,33272,60732,180455,0.12301552383358359,0.1223768581622892,0.17238863799578197,0.09444304095691987,0.2668316789527018,0.38920853711499104,0.5122240609485746
38940,"Port St. Lucie, FL Metro Area",44218,3892,4142,2322,2012,12368,0.08801845402324845,0.09367226016554345,0.04550183183319011,0.052512551449635896,0.098014383282826,0.19168664344836944,0.27970509747161787
39140,"Prescott, AZ Metro Area",26952,1355,895,870,1389,4509,0.05027456218462452,0.03320718314039774,0.05153606411398041,0.03227960819234194,0.08381567230632235,0.1170228554467201,0.16729741763134462
39300,"Providence-Warwick, RI-MA Metro Area",244561,31787,20062,14133,28528,94510,0.1299757524707537,0.08203270349728697,0.11664983378380037,0.05778926321040558,0.17443909699420596,0.25647180049149293,0.38644755296224664
39340,"Provo-Orem, UT Metro Area",52732,4949,7333,4332,2721,19335,0.09385193051657438,0.13906167033300462,0.051600546157930666,0.08215125540468786,0.1337518015626185,0.27281347189562316,0.3666654024121975
39380,"Pueblo, CO Metro Area",22756,1322,1436,1189,2344,6291,0.058094568465459656,0.06310423624538583,0.1030058006679557,0.05224995605554579,0.1552557567235015,0.21835999296888733,0.276454561434347
39460,"Punta Gorda, FL Metro Area",15603,1534,930,626,1531,4621,0.09831442671281164,0.059603922322630266,0.09812215599564186,0.04012048964942639,0.13824264564506825,0.19784656796769853,0.29616099468051016
39540,"Racine, WI Metro Area",24562,3024,2500,2285,2131,9940,0.12311701001547105,0.10178324240697012,0.08676003582770132,0.09302988355997069,0.17978991938767203,0.28157316179464215,0.4046901718101132
39580,"Raleigh, NC Metro Area",166642,20138,28659,16447,14732,79976,0.12084588519100826,0.17197945295903794,0.08840508395242495,0.09869660709785048,0.18710169105027544,0.3590811440093134,0.47992702920032165
39660,"Rapid City, SD Metro Area",17139,1708,1531,2414,1241,6894,0.09965575587840597,0.08932843223058522,0.07240795845731957,0.14084835754711478,0.21325631600443434,0.3025847482350195,0.40224050411342555
39740,"Reading, PA Metro Area",43752,4283,3288,1763,4012,13346,0.09789266776375938,0.07515085024684585,0.0916986652038764,0.04029530078624977,0.13199396599012617,0.20714481623697203,0.3050374840007314
39820,"Redding, CA Metro Area",25752,2495,1111,889,1302,5797,0.0968856787822305,0.04314228021124573,0.0505591798695247,0.03452159055607332,0.08508077042559802,0.12822305063684375,0.22510872941907425
39900,"Reno, NV Metro Area",74740,12931,7714,5182,9276,35103,0.173013112122023,0.1032111319240032,0.1241102488627241,0.06933369012576933,0.19344393898849344,0.29665507091249665,0.4696681830345197
40060,"Richmond, VA Metro Area",166759,24356,21674,9017,17315,72362,0.14605508548264262,0.12997199551448496,0.10383247680784845,0.05407204408757548,0.15790452089542392,0.2878765164099089,0.43393160189255153
40140,"Riverside-San Bernardino-Ontario, CA Metro Area",502841,53841,42600,23804,43996,164241,0.10707360776070368,0.08471862875143435,0.08749485423821844,0.047339019690120734,0.13483387392833918,0.21955250267977353,0.32662611044047724
40220,"Roanoke, VA Metro Area",40755,3782,7212,1857,2497,15348,0.0927984296405349,0.17695988222304013,0.06126855600539811,0.04556496135443504,0.10683351735983315,0.28379339958287325,0.37659182922340817
40340,"Rochester, MN Metro Area",21042,2104,2004,3130,3143,10381,0.09999049520007604,0.09523809523809523,0.14936793080505656,0.14875011880999905,0.2981180496150556,0.39335614485315085,0.49334664005322687
40380,"Rochester, NY Metro Area",141809,24721,9840,9435,14835,58831,0.17432603008271688,0.06938910788454894,0.1046125422222849,0.06653315374905683,0.17114569597134174,0.24053480385589068,0.41486083393860756
40420,"Rockford, IL Metro Area",43044,4127,2766,1938,3732,12563,0.09587863581451538,0.064259827153610255,0.08670197936994703,0.045023696682464455,0.13172567605241148,0.19598550320602173,0.29186413902053715
40580,"Rocky Mount, NC Metro Area",21290,2341,603,227,607,3778,0.1099577266322217,0.02832315641146078,0.028511038046031,0.010662282761860029,0.03917332080789103,0.06749647721935181,0.1774542038515735
40660,"Rome, GA Metro Area",14164,962,805,297,889,2953,0.06791866704320813,0.05683422761931658,0.06276475571872353,0.020968652922903133,0.08373340864162666,0.14056763626094324,0.20848630330415138
40900,"Sacramento--Roseville--Arden-Arcade, CA Metro Area",327587,42378,31929,19849,37356,131512,0.12936410785531782,0.09746723771089817,0.11403382918125567,0.06059153751522496,0.17462536669648063,0.2720926044073788,0.40145671226269664
40980,"Saginaw, MI Metro Area",22360,3803,1917,774,1779,8273,0.1700805008944544,0.08573345259391771,0.07956171735241503,0.03461538461538462,0.11417710196779965,0.19991055456171736,0.3699910554561717
41060,"St. Cloud, MN Metro Area",23647,1642,3681,6130,4195,15648,0.0694379836765763,0.155664566329767,0.17740093880830549,0.25922950057089694,0.43663043937920243,0.5922950057089694,0.6617329893855457
41100,"St. George, UT Metro Area",16577,1310,815,550,764,3439,0.0790251553357061,0.0491645050370996,0.04608795318815226,0.033178500331785,0.07926645351993726,0.12843095855703685,0.20745611389274296
41140,"St. Joseph, MO-KS Metro Area",15713,1356,865,718,990,3929,0.0862979698338955,0.05504995863297906,0.06300515496722459,0.045694647743906316,0.10869980271113092,0.16374976134410998,0.2500477311780055
41180,"St. Louis, MO-IL Metro Area",348330,43653,33402,16955,34120,128130,0.12532081646714321,0.09589182671604513,0.09795309046019579,0.048675106938822384,0.14662819739901817,0.2425200241150633,0.3678408405822065
41420,"Salem, OR Metro Area",57643,8460,5008,3328,4888,21684,0.1467654355255625,0.08687958641986017,0.08479780719254723,0.057734677237478965,0.1425324844300262,0.22941207084988638,0.3761775063754489
41500,"Salinas, CA Metro Area",61690,8855,6104,3544,3031,21534,0.14354028205543848,0.0989463446263576,0.049132760577078945,0.05744853298751824,0.10658129356459718,0.20552763819095476,0.34906792024639327
41540,"Salisbury, MD-DE Metro Area",41868,4376,4835,1772,1516,12499,0.10451896436419222,0.11548199101939428,0.036209037928728385,0.04232349288239228,0.07853253081112066,0.19401452183051496,0.29853348619470715
41620,"Salt Lake City, UT Metro Area",127003,12871,18954,15461,17643,64929,0.10134406273867547,0.14924056912041447,0.13891797831547287,0.121737281796493,0.2606552601119659,0.4098958292323803,0.5112398919710558
41660,"San Angelo, TX Metro Area",16305,1303,1258,1292,3310,7163,0.07991413676786262,0.07715424716344679,0.20300521312480835,0.0792394970867832,0.28224471021159153,0.35939895737503835,0.43931309414290093
41700,"San Antonio-New Braunfels, TX Metro Area",299935,40698,48378,26782,26968,142826,0.13568939936986346,0.16129494723856835,0.08991281444312935,0.08929268008068415,0.17920549452381349,0.34050044176238187,0.47618984113224533
41740,"San Diego-Carlsbad, CA Metro Area",525090,74731,65545,52671,83879,276826,0.14232036412805424,0.12482622026700185,0.1597421394427622,0.10030851853967891,0.2600506579824411,0.38487687824944294,0.5271972423774972
41860,"San Francisco-Oakland-Hayward, CA Metro Area",770046,93492,87705,92563,136900,410660,0.12141092869776611,0.11389579323832602,0.17778158707401895,0.12020450726320246,0.2979860943372214,0.41188188757554745,0.5332928162733136
41900,"San Germán, PR Metro Area",14635,821,208,88,392,1509,0.05609839426033481,0.014212504270584216,0.02678510420225487,0.006012982576016399,0.03279808677827127,0.047010591048855487,0.1031089853091903
41940,"San Jose-Sunnyvale-Santa Clara, CA Metro Area",281343,27484,30385,29054,62454,149377,0.09768858652960977,0.10799984360726941,0.22198526353952294,0.10326896350717807,0.325254227046701,0.4332540706539704,0.5309426571835801
41980,"San Juan-Carolina-Caguas, PR Metro Area",243025,24513,18298,7224,20256,70291,0.10086616603230121,0.07529266536364572,0.08334944964509824,0.029725336899495938,0.11307478654459417,0.1883674519082399,0.2892336179405411
42020,"San Luis Obispo-Paso Robles-Arroyo Grande, CA Metro Area",41331,4187,2530,2298,1512,10527,0.10130410587694466,0.06121313299944352,0.03658271031429194,0.055599912898308776,0.0921826232126007,0.15339575621204424,0.25469986208898887
42100,"Santa Cruz-Watsonville, CA Metro Area",38883,3394,2534,2067,3073,11068,0.08728750353624977,0.06516986858009927,0.0790319676979657,0.05315947843530592,0.1321914461332716,0.19736131471337087,0.2846488182496207
42140,"Santa Fe, NM Metro Area",18400,1883,1336,1165,890,5274,0.10233695652173913,0.07260869565217391,0.0483695652173913,0.06331521739130434,0.11168478260869565,0.18429347826086956,0.2866304347826087
42200,"Santa Maria-Santa Barbara, CA Metro Area",69322,9701,7428,5169,5450,27748,0.1399411442254984,0.1071521306367387,0.0786186203514036,0.07456507313695508,0.15318369348835867,0.26033582412509737,0.4002769683505958
42220,"Santa Rosa, CA Metro Area",74246,6231,4701,4821,6760,22513,0.08392371306198314,0.06331654230530938,0.09104867602295073,0.06493279099210732,0.15598146701505805,0.21929800932036742,0.30322172238235057
42340,"Savannah, GA Metro Area",58370,7057,5575,3077,3448,19157,0.12090114784992291,0.09551139283878705,0.05907144080863457,0.05271543601164982,0.11178687682028439,0.20729826965907144,0.32819941750899434
42540,"Scranton--Wilkes-Barre--Hazleton, PA Metro Area",72964,6090,3032,2672,5904,17698,0.0834658187599364,0.041554739323502,0.08091661641357381,0.03662079929828409,0.1175374157118579,0.1590921550353599,0.2425579737952963
42660,"Seattle-Tacoma-Bellevue, WA Metro Area",589194,69178,84493,74281,114623,342575,0.11741124315590451,0.1434043795422221,0.1945420353907202,0.12607222748364716,0.32061426287436734,0.46401864241658947,0.581429885572494
42680,"Sebastian-Vero Beach, FL Metro Area",12565,1519,1684,573,1439,5215,0.12089136490250696,0.13402307998408278,0.11452447274174293,0.045602865101472344,0.16012733784321528,0.29415041782729806,0.415041782729805
42700,"Sebring, FL Metro Area",10113,797,168,157,539,1661,0.07880945317907644,0.01661228122218926,0.05329773558785721,0.015524572332641155,0.06882230792049837,0.08543458914268763,0.16424404232176407
43100,"Sheboygan, WI Metro Area",14110,1434,1636,1526,1109,5705,0.10163004961020553,0.11594613749114104,0.07859673990077959,0.10815024805102764,0.18674698795180722,0.30269312544294824,0.4043231750531538
43300,"Sherman-Denison, TX Metro Area",15626,1665,1165,743,843,4416,0.10655318059644182,0.07455522846537821,0.05394854729297325,0.04754895686676053,0.10149750415973377,0.17605273262511198,0.2826059132215538
43340,"Shreveport-Bossier City, LA Metro Area",65657,7198,4886,1970,4675,18729,0.10963035167613507,0.07441704616415615,0.07120337511613385,0.03000441689385747,0.10120779200999132,0.17562483817414745,0.28525518985028253
43420,"Sierra Vista-Douglas, AZ Metro Area",15184,884,901,817,1040,3642,0.05821917808219178,0.059338777660695466,0.0684931506849315,0.05380663856691254,0.12229978925184405,0.18163856691253952,0.2398577449947313
43580,"Sioux City, IA-NE-SD Metro Area",20487,2025,1638,2481,1186,7330,0.09884316883877581,0.07995314101625421,0.057890369502611415,0.12110118611802606,0.17899155562063748,0.2589446966368917,0.3577878654756675
43620,"Sioux Falls, SD Metro Area",32972,3849,5527,6150,4311,19837,0.11673541186461239,0.16762707752032027,0.13074730074002183,0.1865218973674633,0.31726919810748516,0.4848962756278054,0.6016316874924178
43780,"South Bend-Mishawaka, IN-MI Metro Area",36637,5395,3763,2790,2768,14716,0.14725550672817098,0.10271037475775854,0.0755520375576603,0.07615252340530065,0.15170456096296095,0.2544149357207195,0.40167044244889044
43900,"Spartanburg, SC Metro Area",38389,3943,2797,1990,1433,10163,0.1027117142931569,0.07285941285264008,0.03732840136497434,0.051837766026726406,0.08916616739170075,0.16202558024434083,0.2647372945374977
44060,"Spokane-Spokane Valley, WA Metro Area",79303,7444,10282,8100,10427,36253,0.09386782341147246,0.12965461584051044,0.1314830460386114,0.10213989382494988,0.23362293986356128,0.3632775557040717,0.4571453791155442
44100,"Springfield, IL Metro Area",27196,2747,2187,816,2714,8464,0.1010075011031034,0.08041623768201206,0.09979408736578908,0.030004412413590233,0.12979849977937932,0.21021473746139138,0.31122223856449477
44140,"Springfield, MA Metro Area",90183,14410,8114,7700,8652,38876,0.15978621247907032,0.08997261124602197,0.09593825887362363,0.08538194559950323,0.18132020447312686,0.2712928157191488,0.4310790281982192
44180,"Springfield, MO Metro Area",68595,5569,7061,6624,4195,23449,0.08118667541365988,0.10293753189007945,0.061156060937386104,0.096566805160726,0.15772286609811212,0.26066039798819157,0.34184707340185144
44220,"Springfield, OH Metro Area",19226,1778,1121,764,1410,5073,0.0924789347758244,0.058306460002080514,0.0733381878705919,0.03973785498803703,0.11307604285862893,0.17138250286070947,0.26386143763653386
44300,"State College, PA Metro Area",22101,2290,3284,3284,3261,12119,0.1036152210307226,0.14859056151305372,0.1475498846206054,0.14859056151305372,0.2961404461336591,0.4447310076467128,0.5483462286774354
44420,"Staunton-Waynesboro, VA Metro Area",14518,1918,1725,452,680,4775,0.13211186113789777,0.11881801901088304,0.0468384074941452,0.031133764981402398,0.0779721724755476,0.19679019148643065,0.3289020526243284
44700,"Stockton-Lodi, CA Metro Area",100630,8156,5937,4584,6964,25641,0.08104938885024347,0.05899831064294942,0.06920401470734373,0.045553015999205006,0.11475703070654875,0.17375534134949816,0.25480473019974165
44940,"Sumter, SC Metro Area",14529,846,643,403,643,2535,0.05822837084451786,0.044256314956294306,0.044256314956294306,0.02773762819189208,0.07199394314818638,0.1162502581044807,0.17447862894899854
45060,"Syracuse, NY Metro Area",83865,12631,8972,5999,9549,37151,0.15061110117450666,0.10698145829607107,0.1138615632266142,0.0715316282120074,0.1853931914386216,0.2923746497346927,0.4429857509091993
45220,"Tallahassee, FL Metro Area",61380,6485,5489,3260,9720,24954,0.10565330726621049,0.08942652329749104,0.15835777126099707,0.05311176278918214,0.2114695340501792,0.3008960573476703,0.40654936461388075
45300,"Tampa-St. Petersburg-Clearwater, FL Metro Area",428455,48590,58779,35280,46964,189613,0.1134074756975645,0.13718826947987536,0.10961244471414734,0.08234236967709561,0.19195481439124296,0.32914308387111835,0.44255055956868283
45460,"Terre Haute, IN Metro Area",22469,2526,1259,751,1749,6285,0.11242155859183764,0.05603275624193333,0.077840580355156,0.033423828385775955,0.11126440874093195,0.1672971649828653,0.2797187235747029
45500,"Texarkana, TX-AR Metro Area",19789,2148,1757,931,817,5653,0.10854515134670777,0.08878669968164131,0.0412855626863409,0.04704633887513265,0.08833190156147355,0.17711860124311485,0.28566375258982263
45540,"The Villages, FL Metro Area",5595,68,164,99,457,788,0.012153708668453977,0.02931188561215371,0.08168007149240393,0.01769436997319035,0.09937444146559428,0.128686327077748,0.14084003574620196
45780,"Toledo, OH Metro Area",92659,11156,11927,7413,7989,38485,0.12039845023149397,0.12871928253056908,0.0862193634725175,0.08000302183274156,0.16622238530525907,0.29494166783582815,0.41534011806732213
45820,"Topeka, KS Metro Area",30115,3033,2482,3082,2163,10760,0.10071392993524822,0.08241739996679395,0.07182467209032044,0.10234102606674415,0.1741656981570646,0.25658309812385854,0.35729702805910674
45940,"Trenton, NJ Metro Area",46939,4168,8112,3103,6743,22126,0.08879609706214449,0.1728200430345768,0.14365453034789832,0.06610707514007541,0.20976160548797376,0.38258164852255055,0.47137774558469503
46060,"Tucson, AZ Metro Area",150781,12955,18176,13530,17901,62562,0.0859193134413487,0.1205456920964843,0.1187218548756143,0.08973279126680417,0.2084546461424185,0.3290003382389028,0.41491965168025147
46140,"Tulsa, OK Metro Area",133313,14773,18399,9024,9374,51570,0.11081439919587738,0.13801354706592756,0.07031572314778003,0.06769032277422307,0.1380060459220031,0.27601959298793066,0.38683399218380804
46220,"Tuscaloosa, AL Metro Area",30246,4342,3748,1856,2138,12084,0.14355617271705348,0.12391721219334788,0.07068703299609866,0.061363486080804074,0.13205051907690274,0.25596773127025063,0.3995239039873041
46300,"Twin Falls, ID Metro Area",12471,959,523,373,346,2201,0.07689840429797129,0.04193729452329404,0.02774436693128057,0.029909389784299575,0.057653756715580144,0.09959105123887418,0.17648945553684547
46340,"Tyler, TX Metro Area",26351,3405,2546,1103,1479,8533,0.12921710751015142,0.09661872414709119,0.056126902204849914,0.04185799400402262,0.09798489620887253,0.1946036203559637,0.32382072786611515
46520,"Urban Honolulu, HI Metro Area",137828,14007,13712,11248,29291,68258,0.10162666511884377,0.09948631627825986,0.2125185013204864,0.08160896189453522,0.29412746321502165,0.39361377949328147,0.49524044461212524
46540,"Utica-Rome, NY Metro Area",36480,3909,1757,1969,3213,10848,0.1071546052631579,0.04816337719298246,0.08807565789473684,0.053974780701754384,0.14205043859649122,0.1902138157894737,0.29736842105263156
46660,"Valdosta, GA Metro Area",22726,2881,1509,806,690,5886,0.12677109918155416,0.06639971838422952,0.030361700255214293,0.035465986095221336,0.06582768635043562,0.13222740473466515,0.2589985039162193
46700,"Vallejo-Fairfield, CA Metro Area",58647,8021,4901,2506,4473,19901,0.13676743908469316,0.08356778692857264,0.07626988592766894,0.042730233430525004,0.11900011935819393,0.20256790628676657,0.33933534537145976
47020,"Victoria, TX Metro Area",11535,1908,667,455,482,3512,0.16540962288686606,0.05782401387082792,0.041785869094061553,0.03944516688339835,0.0812310359774599,0.13905504984828782,0.3044646727351539
47220,"Vineland-Bridgeton, NJ Metro Area",18006,1358,1440,920,1837,5555,0.07541930467621903,0.07997334221926025,0.10202154837276463,0.051094079751194045,0.15311562812395868,0.23308897034321893,0.30850827501943795
47260,"Virginia Beach-Norfolk-Newport News, VA-NC Metro Area",248505,42715,28780,12497,20281,104273,0.17188788957968654,0.11581255910343856,0.08161203999919518,0.05028872658497817,0.13190076658417335,0.24771332568761192,0.41960121526729843
47300,"Visalia-Porterville, CA Metro Area",58792,3988,1785,1665,2555,9993,0.06783235814396517,0.030361273642672472,0.04345829364539393,0.028320179616274324,0.07177847326166825,0.10213974690434073,0.1699721050483059
47380,"Waco, TX Metro Area",38197,3912,4818,2493,2486,13709,0.10241642013770715,0.1261355603843234,0.0650836453124591,0.06526690577794067,0.13035055109039978,0.25648611147472317,0.3589025316124303
47460,"Walla Walla, WA Metro Area",8453,670,501,472,788,2431,0.0792618005441855,0.05926889861587602,0.0932213415355495,0.05583816396545605,0.14905950550100555,0.20832840411688158,0.28759020466106705
47580,"Warner Robins, GA Metro Area",25122,3800,2073,551,492,6916,0.15126184221001512,0.08251731550035825,0.01958442799140196,0.021932967120452194,0.04151739511185415,0.1240347106122124,0.27529655282222754
47900,"Washington-Arlington-Alexandria, DC-VA-MD-WV Metro Area",799840,87823,169469,49956,215195,522443,0.10980071014202841,0.21187862572514504,0.2690475595119024,0.06245749149829966,0.33150505101020206,0.543383676735347,0.6531843868773755
47940,"Waterloo-Cedar Falls, IA Metro Area",20952,2408,2823,986,1563,7780,0.11492936235204276,0.1347365406643757,0.07459908361970218,0.047059946544482624,0.1216590301641848,0.2563955708285605,0.3713249331806033
48060,"Watertown-Fort Drum, NY Metro Area",19159,2540,865,1030,1207,5642,0.13257476903805,0.04514849418028081,0.06299911268855368,0.05376063468865807,0.11675974737721176,0.16190824155749256,0.29448301059554255
48140,"Wausau, WI Metro Area",15046,2508,2147,910,926,6491,0.16668882094908946,0.14269573308520536,0.06154459657051708,0.06048119101422305,0.12202578758474013,0.2647215206699455,0.43141034161903496
48260,"Weirton-Steubenville, WV-OH Metro Area",14518,1154,748,588,817,3307,0.07948753271800524,0.05152224824355972,0.05627496900399504,0.040501446480231434,0.09677641548422648,0.1482986637277862,0.22778619644579143
48300,"Wenatchee, WA Metro Area",14143,1102,918,958,1113,4091,0.07791840486459732,0.06490843526833062,0.07869617478611327,0.0677366895283886,0.14643286431450186,0.2113412995828325,0.2892597044474298
48540,"Wheeling, WV-OH Metro Area",13953,1085,518,747,1484,3834,0.07776105497025729,0.03712463269547767,0.1063570558302874,0.05353687379058267,0.15989392962087007,0.19701856231634773,0.27477961728660505
48620,"Wichita, KS Metro Area",84551,6516,9355,5355,6495,27721,0.07706591288098308,0.11064328038698537,0.07681754207519721,0.06333455547539354,0.14015209755059077,0.2507953779375761,0.3278612908185592
48660,"Wichita Falls, TX Metro Area",19804,2076,1807,599,1426,5908,0.1048273076146233,0.09124419309230458,0.07200565542314684,0.0302464148656837,0.10225207028883054,0.19349626338113513,0.29832357099575846
48700,"Williamsport, PA Metro Area",14045,1219,1038,967,657,3881,0.08679245283018867,0.07390530437878248,0.04677821288714845,0.0688501245995016,0.11562833748665005,0.18953364186543253,0.2763260946956212
48900,"Wilmington, NC Metro Area",44310,5187,6348,4142,2256,17933,0.11706161137440758,0.14326337169939066,0.05091401489505755,0.09347777025502144,0.144391785150079,0.28765515684946963,0.40471676822387725
49020,"Winchester, VA-WV Metro Area",15416,1271,1588,192,820,3871,0.08244680851063829,0.1030098598858329,0.05319148936170213,0.012454592631032694,0.06564608199273482,0.16865594187856772,0.25110275038920604
49180,"Winston-Salem, NC Metro Area",87438,10823,11958,4958,3874,31613,0.12377913492989318,0.1367597612022233,0.044305679452869465,0.05670303529357945,0.10100871474644892,0.2377684759486722,0.3615476108785654
49340,"Worcester, MA-CT Metro Area",121102,17872,11044,8543,12707,50166,0.14757807468084755,0.09119585143102509,0.10492807715809813,0.07054383907780218,0.1754719162359003,0.2666677676669254,0.41424584234777295
49420,"Yakima, WA Metro Area",30299,2164,1821,1405,1495,6885,0.0714214990593749,0.06010099343212647,0.049341562427802896,0.04637116736525958,0.09571272979306247,0.15581372322518894,0.22723522228456386
49620,"York-Hanover, PA Metro Area",43324,4475,3799,1648,2808,12730,0.10329147816452774,0.08768811744067953,0.06481395992983104,0.038038962238020495,0.10285292216785154,0.19054103960853108,0.2938325177730588
49660,"Youngstown-Warren-Boardman, OH-PA Metro Area",68376,8205,5214,3360,5242,22021,0.119998244998245,0.07625482625482626,0.07666432666432667,0.04914004914004914,0.1258043758043758,0.20205920205920205,0.32205744705744704
49700,"Yuba City, CA Metro Area",24592,1977,1281,1388,1369,6015,0.08039199739752766,0.05209011060507482,0.055668510084580354,0.05644111906310995,0.1121096291476903,0.16419973975276514,0.24459173715029278
49740,"Yuma, AZ Metro Area",23851,2215,1811,583,1099,5708,0.09286822355456795,0.07592973040962643,0.046077732589828516,0.024443419563121044,0.07052115215294956,0.146450882562576,0.23931910611714394
